id,name,abrv,division,primaryColor,logo,playoffs,second_round,conf_final,cup_final,cup_win,proj_points,proj_goals,proj_goals_against
1,Anaheim Ducks,ANA,Pacific,#CF4520,/Images/ducks.png,39.0%,15.4%,5.7%,2.0%,0.7%,86.4,257,271
2,Boston Bruins,BOS,Atlantic,#000000,/Images/bruins.png,32.2%,13.0%,5.4%,2.2%,0.8%,88.3,246,255
3,Buffalo Sabres,BUF,Atlantic,#003087,/Images/sabres.png,34.5%,14.5%,6.0%,2.5%,1.0%,88.8,252,259
4,Calgary Flames,CGY,Pacific,#D2001C,/Images/flames.png,9.4%,2.7%,0.7%,0.2%,0.1%,77.6,222,264
5,Carolina Hurricanes,CAR,Metropolitan,#CE1126,/Images/canes.png,85.4%,51.6%,30.6%,17.6%,9.9%,101.3,276,242
6,Chicago Blackhawks,CHI,Central,#CF0A2C,/Images/blackhawks.png,11.2%,3.3%,1.0%,0.3%,0.1%,79.8,240,275
7,Colorado Avalanche,COL,Central,#6F263D,/Images/avalanche.png,83.4%,45.7%,24.4%,13.0%,6.8%,98.6,268,243
8,Columbus Blue Jackets,CBJ,Metropolitan,#002654,/Images/blue jackets.png,33.0%,13.5%,5.6%,2.3%,0.9%,88.5,249,257
9,Dallas Stars,DAL,Central,#00843D,/Images/stars.png,91.4%,55.9%,33.2%,19.2%,10.8%,102,279,243
10,Detroit Red Wings,DET,Atlantic,#ce1126,/Images/red wings.png,14.1%,4.8%,1.7%,0.6%,0.2%,82.9,239,264
11,Edmonton Oilers,EDM,Pacific,#00205B,/Images/oilers.png,66.0%,31.3%,13.5%,5.8%,2.5%,92.1,258,254
12,Florida Panthers,FLA,Atlantic,#c8102E,/Images/panthers.png,77.3%,43.5%,23.9%,12.7%,6.6%,98.6,266,241
13,Los Angeles Kings,LAK,Pacific,#000000,/Images/kings.png,82.3%,46.6%,23.1%,11.3%,5.5%,96.5,266,248
14,Minnesota Wild,MIN,Central,#154734,/Images/wild.png,75.2%,37.9%,18.8%,9.3%,4.5%,96.2,253,237
15,Montreal Canadiens,MTL,Atlantic,#AF1E2D,/Images/canadiens.png,34.3%,14.3%,6.0%,2.5%,1.0%,88.8,261,267
16,Nasvhille Predators,NSH,Central,#FFB81C,/Images/predators.png,39.4%,15.2%,6.2%,2.4%,0.9%,88.1,259,268
17,New Jersey Devils,NJD,Metropolitan,#CE1126,/Images/devils.png,58.0%,28.2%,13.3%,6.4%,3.0%,94,258,249
18,New York Islanders,NYI,Metropolitan,#00539b,/Images/islanders.png,13.5%,4.5%,1.5%,0.5%,0.2%,82.7,243,269
19,New York Rangers,NYR,Metropolitan,#0038A8,/Images/rangers.png,60.7%,30.1%,14.3%,6.9%,3.2%,94.6,255,243
20,Ottawa Senators,OTT,Atlantic,#000000,/Images/senators.png,69.3%,36.3%,18.7%,9.5%,4.7%,96.5,261,243
21,Philadelphia Flyers,PHI,Metropolitan,#F74902,/Images/flyers.png,33.4%,13.7%,5.6%,2.3%,0.9%,88.7,243,250
22,Pittsburgh Penguins,PIT,Metropolitan,#040707,/Images/penguins.png,45.5%,20.3%,8.9%,4.0%,1.7%,91.3,270,268
23,San Jose Sharks,SJS,Pacific,#006D75,/Images/sharks.png,23.0%,7.9%,2.5%,0.8%,0.3%,82.5,251,277
24,Seattle Kraken,SEA,Pacific,#68a2b9,/Images/kraken.png,16.2%,5.1%,1.5%,0.5%,0.1%,80.5,231,264
25,St. Louis Blues,STL,Central,#002F87,/Images/blues.png,41.1%,16.1%,6.4%,2.6%,1.0%,88.5,251,259
26,Tampa Bay Lightning,TBL,Atlantic,#002868,/Images/lightning.png,77.3%,43.8%,24.2%,13.0%,6.8%,98.6,268,243
27,Toronto Maple Leafs,TOR,Atlantic,#00205b,/Images/leafs.png,58.5%,28.5%,13.7%,6.5%,3.0%,94,263,253
28,Utah Mammoth,UTA,Central,#5c88da,/Images/utah.png,73.5%,36.6%,18.1%,8.9%,4.3%,95.6,271,256
29,Vancouver Canucks,VAN,Pacific,#00205B,/Images/canucks.png,7.0%,1.9%,0.5%,0.1%,0.1%,76,240,288
30,Vegas Golden Knights,VGK,Pacific,#B4975A,/Images/golden knights.png,94.1%,58.9%,36.2%,20.3%,11.4%,102,282,245
31,Washington Capitals,WSH,Metropolitan,#041E42,/Images/capitals.png,72.9%,39.3%,20.6%,10.7%,5.4%,97.4,273,251
32,Winnipeg Jets,WPG,Central,#004C97,/Images/jets.png,47.7%,19.5%,8.1%,3.3%,1.4%,89.9,246,249