id,name,abrv,division,primaryColor,logo,current_playoffs,current_round2,current_conf,current_final,current_win,current_points,goals,goals against,date
1,Anaheim Ducks,ANA,Pacific,#CF4520,/Images/ducks.png,38.8%,15.7%,5.7%,2.0%,0.8%,86.3,256,271,10/02/2026
2,Boston Bruins,BOS,Atlantic,#000000,/Images/bruins.png,32.4%,13.1%,5.3%,2.1%,0.8%,88.3,248,256,10/02/2026
3,Buffalo Sabres,BUF,Atlantic,#003087,/Images/sabres.png,28.2%,10.9%,4.3%,1.7%,0.6%,87.3,248,260,10/02/2026
4,Calgary Flames,CGY,Pacific,#D2001C,/Images/flames.png,10.2%,3.0%,0.8%,0.2%,0.1%,77.7,222,263,10/02/2026
5,Carolina Hurricanes,CAR,Metropolitan,#CE1126,/Images/canes.png,88.0%,54.2%,33.1%,19.3%,11.0%,102.2,275,239,10/02/2026
6,Chicago Blackhawks,CHI,Central,#CF0A2C,/Images/blackhawks.png,10.9%,3.1%,0.9%,0.3%,0.1%,79.7,240,275,10/02/2026
7,Colorado Avalanche,COL,Central,#6F263D,/Images/avalanche.png,83.9%,46.0%,24.2%,13.1%,6.8%,98.8,268,243,10/02/2026
8,Columbus Blue Jackets,CBJ,Metropolitan,#002654,/Images/blue jackets.png,31.7%,13.0%,5.2%,2.1%,0.8%,88.2,246,255,10/02/2026
9,Dallas Stars,DAL,Central,#00843D,/Images/stars.png,93.3%,59.0%,36.3%,21.8%,12.4%,103.3,283,242,10/02/2026
10,Detroit Red Wings,DET,Atlantic,#ce1126,/Images/red wings.png,14.5%,5.0%,1.7%,0.6%,0.2%,83.1,239,263,10/02/2026
11,Edmonton Oilers,EDM,Pacific,#00205B,/Images/oilers.png,66.5%,32.7%,14.3%,6.1%,2.6%,92.1,258,254,10/02/2026
12,Florida Panthers,FLA,Atlantic,#c8102E,/Images/panthers.png,77.1%,42.7%,23.0%,12.2%,6.3%,98.5,264,241,10/02/2026
13,Los Angeles Kings,LAK,Pacific,#000000,/Images/kings.png,76.1%,41.1%,19.1%,8.7%,4.0%,94.6,262,250,10/02/2026
14,Minnesota Wild,MIN,Central,#154734,/Images/wild.png,76.0%,38.1%,18.8%,9.2%,4.4%,96.4,253,236,10/02/2026
15,Montreal Canadiens,MTL,Atlantic,#AF1E2D,/Images/canadiens.png,34.3%,14.2%,5.8%,2.5%,1.0%,88.8,260,267,10/02/2026
16,Nasvhille Predators,NSH,Central,#FFB81C,/Images/predators.png,38.5%,14.7%,5.7%,2.2%,0.8%,88.0,256,266,10/02/2026
17,New Jersey Devils,NJD,Metropolitan,#CE1126,/Images/devils.png,59.7%,29.2%,13.8%,6.5%,3.0%,94.3,258,248,10/02/2026
18,New York Islanders,NYI,Metropolitan,#00539b,/Images/islanders.png,13.3%,4.5%,1.5%,0.5%,0.2%,82.6,242,269,10/02/2026
19,New York Rangers,NYR,Metropolitan,#0038A8,/Images/rangers.png,62.3%,30.8%,14.7%,7.1%,3.4%,94.9,255,242,10/02/2026
20,Ottawa Senators,OTT,Atlantic,#000000,/Images/senators.png,70.1%,36.8%,19.0%,9.5%,4.6%,96.7,261,242,10/02/2026
21,Philadelphia Flyers,PHI,Metropolitan,#F74902,/Images/flyers.png,34.6%,14.3%,5.7%,2.3%,0.9%,88.9,242,249,10/02/2026
22,Pittsburgh Penguins,PIT,Metropolitan,#040707,/Images/penguins.png,38.7%,16.7%,7.0%,2.9%,1.2%,89.8,264,267,10/02/2026
23,San Jose Sharks,SJS,Pacific,#006D75,/Images/sharks.png,24.7%,8.9%,2.9%,0.9%,0.3%,82.9,251,276,10/02/2026
24,Seattle Kraken,SEA,Pacific,#68a2b9,/Images/kraken.png,16.7%,5.4%,1.6%,0.4%,0.1%,80.5,231,264,10/02/2026
25,St. Louis Blues,STL,Central,#002F87,/Images/blues.png,42.1%,16.4%,6.7%,2.7%,1.0%,88.7,252,258,10/02/2026
26,Tampa Bay Lightning,TBL,Atlantic,#002868,/Images/lightning.png,78.0%,43.5%,24.1%,12.7%,6.7%,98.8,268,242,10/02/2026
27,Toronto Maple Leafs,TOR,Atlantic,#00205b,/Images/leafs.png,68.1%,35.2%,17.9%,8.9%,4.4%,96.2,266,249,10/02/2026
28,Utah Mammoth,UTA,Central,#5c88da,/Images/utah.png,71.8%,34.7%,16.9%,8.3%,3.9%,95.2,268,254,10/02/2026
29,Vancouver Canucks,VAN,Pacific,#00205B,/Images/canucks.png,7.7%,2.3%,0.6%,0.1%,0.0%,76.4,242,289,10/02/2026
30,Vegas Golden Knights,VGK,Pacific,#B4975A,/Images/golden knights.png,94.3%,59.3%,37.5%,20.6%,11.5%,102.2,282,244,10/02/2026
31,Washington Capitals,WSH,Metropolitan,#041E42,/Images/capitals.png,69.0%,36.0%,18.0%,9.1%,4.5%,96.4,269,251,10/02/2026
32,Winnipeg Jets,WPG,Central,#004C97,/Images/jets.png,48.6%,19.8%,8.2%,3.4%,1.4%,90.1,246,249,10/02/2026
